age,avg
40,67.6923076923077
39,67.64
38,67.37837837837837
37,68.9390243902439
36,67.93700787401575
35,68.13265306122449
34,69.53960396039604
33,69.55882352941177
32,69.52961672473867
31,69.85007072135785
30,69.70010905125409
29,69.35766423357664
28,69.4441416893733
27,69.7091222030981
26,70.17664023071377
25,71.29037149355572
24,72.07952871870398
23,72.55555555555556
22,72.81940298507463
21,72.95783555867885
